{
  "rouge1": 0.022380983686189845,
  "rouge2": 7.692307692307693e-05,
  "rougeL": 0.020062650442159283,
  "rougeLsum": 0.020167156104432135
}