{
  "rouge1": 0.18024102136119732,
  "rouge2": 0.07658672949738521,
  "rougeL": 0.1462698977896884,
  "rougeLsum": 0.14678713236159718
}