{
  "rouge1": 0.18072857009777568,
  "rouge2": 0.07607697274969032,
  "rougeL": 0.14639888410389018,
  "rougeLsum": 0.14697855768334483
}